timestamp,timestamp_ms,temperature,humidity,pressure,gas_resistance
2026-09-28T10:54:52.811,0,30.18,53.84,1017.49,5.684
2026-09-28T10:54:53.817,1006,29.97,53.72,1017.49,5.684
2026-09-28T10:54:54.819,2008,29.84,53.51,1017.49,5.684
2026-09-28T10:54:55.822,3011,29.75,53.29,1017.5,5.684
2026-09-28T10:54:56.824,4013,29.69,53.09,1017.49,5.684
2026-09-28T10:54:57.825,5014,29.65,52.91,1017.5,5.684
2026-09-28T10:54:58.828,6017,29.63,52.77,1017.49,6.069
2026-09-28T10:54:59.831,7020,29.61,52.62,1017.49,6.522
2026-09-28T10:55:00.834,8023,29.6,52.5,1017.5,7.09
2026-09-28T10:55:01.834,9023,29.59,52.39,1017.49,7.628
2026-09-28T10:55:02.835,10024,29.59,52.29,1017.5,8.159
2026-09-28T10:55:03.835,11024,29.59,52.21,1017.5,8.676
2026-09-28T10:55:04.836,12025,29.59,52.14,1017.5,9.161
2026-09-28T10:55:05.838,13027,29.59,52.06,1017.5,9.658
2026-09-28T10:55:06.840,14029,29.59,52.02,1017.5,10.126
2026-09-28T10:55:07.844,15033,29.6,51.96,1017.5,10.589
2026-09-28T10:55:08.848,16036,29.6,51.92,1017.5,11.026
2026-09-28T10:55:09.849,17038,29.6,51.9,1017.5,11.465
2026-09-28T10:55:10.852,18041,29.6,51.87,1017.5,12.132
2026-09-28T10:55:11.856,19045,29.61,51.83,1017.49,12.546
2026-09-28T10:55:12.857,20046,29.61,51.8,1017.5,12.942
2026-09-28T10:55:13.862,21051,29.61,51.78,1017.5,13.33
2026-09-28T10:55:14.867,22056,29.62,51.78,1017.5,13.733
2026-09-28T10:55:15.871,23060,29.62,51.76,1017.51,14.087
2026-09-28T10:55:16.872,24061,29.62,51.73,1017.51,14.489
2026-09-28T10:55:17.877,25066,29.62,51.72,1017.51,14.79
2026-09-28T10:55:18.879,26068,29.62,51.71,1017.5,15.126
2026-09-28T10:55:19.885,27074,29.63,51.68,1017.5,15.455
2026-09-28T10:55:20.885,28074,29.63,51.68,1017.5,15.786
2026-09-28T10:55:21.885,29074,29.63,51.67,1017.49,16.072
2026-09-28T10:55:22.891,30080,29.63,51.66,1017.49,16.368
2026-09-28T10:55:23.894,31083,29.63,51.66,1017.49,16.688
2026-09-28T10:55:24.898,32087,29.63,51.64,1017.49,16.94
2026-09-28T10:55:25.902,33091,29.64,51.63,1017.5,17.199
2026-09-28T10:55:26.907,34096,29.64,51.62,1017.49,17.467
2026-09-28T10:55:27.913,35102,29.64,51.62,1017.48,17.713
2026-09-28T10:55:28.914,36103,29.64,51.61,1017.49,18.012
2026-09-28T10:55:29.914,37103,29.64,51.61,1017.49,18.244
2026-09-28T10:55:30.918,38107,29.64,51.6,1017.48,18.465
2026-09-28T10:55:31.920,39109,29.64,51.59,1017.48,18.724
2026-09-28T10:55:32.927,40116,29.64,51.6,1017.48,18.923
2026-09-28T10:55:33.926,41115,29.65,51.6,1017.48,19.178
2026-09-28T10:55:34.929,42118,29.65,51.59,1017.48,19.352
2026-09-28T10:55:35.930,43119,29.65,51.59,1017.47,19.565
2026-09-28T10:55:36.930,44119,29.65,51.57,1017.48,19.746
2026-09-28T10:55:37.934,45123,29.65,51.58,1017.49,19.95
2026-09-28T10:55:38.937,46126,29.65,51.57,1017.48,20.157
2026-09-28T10:55:39.942,47131,29.65,51.57,1017.48,20.349
2026-09-28T10:55:40.942,48131,29.65,51.56,1017.48,20.545
2026-09-28T10:55:41.946,49135,29.65,51.56,1017.48,20.725
2026-09-28T10:55:42.952,50141,29.65,51.56,1017.48,20.908
2026-09-28T10:55:43.953,51142,29.66,51.56,1017.48,21.073
2026-09-28T10:55:44.959,52148,29.66,51.56,1017.48,21.241
2026-09-28T10:55:45.964,53153,29.66,51.55,1017.48,21.498
2026-09-28T10:55:46.969,54158,29.66,51.54,1017.47,21.628
2026-09-28T10:55:47.969,55158,29.66,51.55,1017.47,21.761
2026-09-28T10:55:48.970,56159,29.66,51.56,1017.47,21.895
2026-09-28T10:55:49.974,57163,29.66,51.54,1017.47,22.053
2026-09-28T10:55:50.977,58166,29.66,51.54,1017.48,22.168
2026-09-28T10:55:51.979,59168,29.66,51.54,1017.47,22.354
2026-09-28T10:55:52.980,60169,29.66,51.54,1017.47,22.519
2026-09-28T10:55:53.980,61169,29.66,51.54,1017.48,22.686
2026-09-28T10:55:54.984,62173,29.66,51.53,1017.49,22.832
2026-09-28T10:55:55.985,63174,29.67,51.53,1017.49,22.93
2026-09-28T10:55:56.989,64178,29.67,51.53,1017.48,23.464
2026-09-28T10:55:57.989,65178,29.67,51.54,1017.48,23.607
2026-09-28T10:55:58.990,66179,29.67,51.53,1017.47,23.778
2026-09-28T10:55:59.993,67182,29.67,51.53,1017.46,23.871
2026-09-28T10:56:00.995,68184,29.67,51.53,1017.47,23.992
2026-09-28T10:56:01.995,69184,29.67,51.52,1017.48,24.1
2026-09-28T10:56:02.998,70187,29.67,51.51,1017.48,24.237
2026-09-28T10:56:04.001,71190,29.67,51.51,1017.48,24.362
2026-09-28T10:56:05.006,72195,29.67,51.52,1017.49,24.474
2026-09-28T10:56:06.011,73200,29.67,51.51,1017.48,24.572
2026-09-28T10:56:07.014,74203,29.67,51.53,1017.48,24.686
2026-09-28T10:56:08.018,75207,29.67,51.52,1017.48,24.758
2026-09-28T10:56:09.018,76207,29.67,51.5,1017.48,24.946
2026-09-28T10:56:10.023,77212,29.67,51.52,1017.48,25.078
2026-09-28T10:56:11.025,78214,29.67,51.53,1017.48,25.122
2026-09-28T10:56:12.027,79216,29.68,51.51,1017.48,25.196
2026-09-28T10:56:13.032,80221,29.68,51.51,1017.48,25.301
2026-09-28T10:56:14.033,81222,29.68,51.52,1017.48,25.406
2026-09-28T10:56:15.035,82224,29.68,51.52,1017.48,25.513
2026-09-28T10:56:16.035,83224,29.68,51.52,1017.48,25.666
2026-09-28T10:56:17.037,84226,29.68,51.52,1017.48,25.697
2026-09-28T10:56:18.039,85228,29.68,51.52,1017.48,25.853
2026-09-28T10:56:19.039,86228,29.68,51.51,1017.48,25.9
2026-09-28T10:56:20.040,87229,29.68,51.51,1017.48,25.995
2026-09-28T10:56:21.041,88230,29.68,51.51,1017.48,26.042
2026-09-28T10:56:22.042,89231,29.68,51.5,1017.49,26.154
2026-09-28T10:56:23.043,90232,29.68,51.5,1017.49,26.267
2026-09-28T10:56:24.047,91236,29.68,51.5,1017.49,26.315
2026-09-28T10:56:25.052,92241,29.68,51.48,1017.48,26.446
2026-09-28T10:56:26.057,93246,29.68,51.49,1017.48,26.495
2026-09-28T10:56:27.055,94244,29.68,51.5,1017.47,26.545
2026-09-28T10:56:28.058,95247,29.68,51.5,1017.47,26.677
2026-09-28T10:56:29.058,96247,29.68,51.49,1017.47,26.694
2026-09-28T10:56:30.060,97249,29.69,51.48,1017.47,26.795
2026-09-28T10:56:31.060,98249,29.69,51.49,1017.48,26.896
2026-09-28T10:56:32.064,99253,29.69,51.49,1017.48,27.015
2026-09-28T10:56:33.066,100255,29.69,51.49,1017.48,27.032
2026-09-28T10:56:34.068,101257,29.69,51.48,1017.48,27.118
2026-09-28T10:56:35.073,102262,29.69,51.49,1017.48,27.135
2026-09-28T10:56:36.077,103266,29.69,51.49,1017.47,27.292
2026-09-28T10:56:37.081,104270,29.69,51.47,1017.46,27.327
2026-09-28T10:56:38.083,105272,29.69,51.49,1017.46,27.379
2026-09-28T10:56:39.083,106272,29.69,51.48,1017.46,27.467
2026-09-28T10:56:40.087,107276,29.69,51.49,1017.46,27.538
2026-09-28T10:56:41.089,108278,29.69,51.48,1017.46,27.627
2026-09-28T10:56:42.091,109280,29.69,51.48,1017.47,27.663
2026-09-28T10:56:43.091,110280,29.69,51.47,1017.47,27.717
2026-09-28T10:56:44.091,111280,29.69,51.47,1017.48,27.771
2026-09-28T10:56:45.097,112286,29.69,51.48,1017.48,27.862
2026-09-28T10:56:46.101,113290,29.69,51.47,1017.48,27.826
2026-09-28T10:56:47.104,114293,29.7,51.48,1017.49,27.935
2026-09-28T10:56:48.108,115297,29.7,51.47,1017.48,28.045
2026-09-28T10:56:49.111,116300,29.7,51.46,1017.48,28.1
2026-09-28T10:56:50.115,117304,29.7,51.47,1017.48,28.175
2026-09-28T10:56:51.120,118309,29.7,51.47,1017.48,28.156
2026-09-28T10:56:52.124,119313,29.7,51.47,1017.48,28.231
